year,region_name,age_group,total_vaccinations,population,vaccination_rate_percent
2020,Abruzzo,00-29,2,380650,0.00
2020,Abruzzo,30-49,14,345680,0.00
2020,Abruzzo,50-69,29,354958,0.01
2020,Abruzzo,70+,2,218186,0.00
2020,Basilicata,00-29,9,187809,0.00
2020,Basilicata,30-49,59,166085,0.04
2020,Basilicata,50-69,39,190156,0.02
2020,Calabria,00-29,61,857302,0.01
2020,Calabria,30-49,109,823134,0.01
2020,Calabria,50-69,155,843223,0.02
2020,Campania,00-29,187,1678101,0.01
2020,Campania,30-49,918,1515215,0.06
2020,Campania,50-69,1091,1632547,0.07
2020,Campania,70+,11,1003805,0.00
2020,Emilia-Romagna,00-29,380,1259605,0.03
2020,Emilia-Romagna,30-49,1235,1071502,0.12
2020,Emilia-Romagna,50-69,1236,1227699,0.10
2020,Emilia-Romagna,70+,341,705497,0.05
2020,Friuli Venezia Giulia,00-29,181,380807,0.05
2020,Friuli Venezia Giulia,30-49,848,344879,0.25
2020,Friuli Venezia Giulia,50-69,898,360976,0.25
2020,Friuli Venezia Giulia,70+,42,222307,0.02
2020,Lazio,00-29,824,1686463,0.05
2020,Lazio,30-49,3803,1536672,0.25
2020,Lazio,50-69,3872,1663226,0.23
2020,Lazio,70+,314,998522,0.03
2020,Liguria,00-29,90,421235,0.02
2020,Liguria,30-49,421,401990,0.10
2020,Liguria,50-69,605,432915,0.14
2020,Liguria,70+,226,245403,0.09
2020,Lombardia,00-29,131,2841138,0.00
2020,Lombardia,30-49,694,2445835,0.03
2020,Lombardia,50-69,901,2737306,0.03
2020,Lombardia,70+,37,1746890,0.00
2020,Marche,00-29,19,428776,0.00
2020,Marche,30-49,207,380187,0.05
2020,Marche,50-69,236,398048,0.06
2020,Marche,70+,4,259493,0.00
2020,Molise,00-29,4,102556,0.00
2020,Molise,30-49,16,97488,0.02
2020,Molise,50-69,13,98759,0.01
2020,Molise,70+,11,63131,0.02
2020,Piemonte,00-29,596,1145412,0.05
2020,Piemonte,30-49,2267,1018112,0.22
2020,Piemonte,50-69,2585,1096137,0.24
2020,Piemonte,70+,195,690939,0.03
2020,Puglia,00-29,258,1106508,0.02
2020,Puglia,30-49,948,992194,0.10
2020,Puglia,50-69,836,1084156,0.08
2020,Puglia,70+,108,658383,0.02
2020,Sardegna,00-29,10,453518,0.00
2020,Sardegna,30-49,63,413530,0.02
2020,Sardegna,50-69,158,460546,0.03
2020,Sardegna,70+,3,276799,0.00
2020,Sicilia,00-29,254,1411192,0.02
2020,Sicilia,30-49,827,1286321,0.06
2020,Sicilia,50-69,837,1317185,0.06
2020,Sicilia,70+,32,854640,0.00
2020,Toscana,00-29,82,980314,0.01
2020,Toscana,30-49,366,923382,0.04
2020,Toscana,50-69,479,967166,0.05
2020,Toscana,70+,831,575551,0.14
2020,Trentino-Alto Adige,00-29,328,367256,0.09
2020,Trentino-Alto Adige,30-49,1159,329600,0.35
2020,Trentino-Alto Adige,50-69,1178,341216,0.35
2020,Trentino-Alto Adige,70+,669,202656,0.33
2020,Umbria,00-29,29,302206,0.01
2020,Umbria,30-49,187,268219,0.07
2020,Umbria,50-69,212,312440,0.07
2020,Umbria,70+,12,191339,0.01
2020,Valle d'Aosta,00-29,2,70170,0.00
2020,Valle d'Aosta,30-49,10,62369,0.02
2020,Valle d'Aosta,50-69,26,64065,0.04
2020,Veneto,00-29,411,1412171,0.03
2020,Veneto,30-49,1777,1252092,0.14
2020,Veneto,50-69,2144,1399456,0.15
2020,Veneto,70+,274,835401,0.03
2021,Abruzzo,00-29,190675,376619,50.63
2021,Abruzzo,30-49,269625,353880,76.19
2021,Abruzzo,50-69,324837,351060,92.53
2021,Abruzzo,70+,219351,229204,95.70
2021,Basilicata,00-29,82156,183399,44.80
2021,Basilicata,30-49,113644,170756,66.55
2021,Basilicata,50-69,145563,189188,76.94
2021,Basilicata,70+,91308,115274,79.21
2021,Calabria,00-29,281585,874058,32.22
2021,Calabria,30-49,390594,802275,48.69
2021,Calabria,50-69,458893,806267,56.92
2021,Calabria,70+,276656,504859,54.80
2021,Campania,00-29,951789,1630321,58.38
2021,Campania,30-49,1247943,1469820,84.90
2021,Campania,50-69,1360353,1524520,89.23
2021,Campania,70+,722672,978463,73.86
2021,Emilia-Romagna,00-29,662051,1194515,55.42
2021,Emilia-Romagna,30-49,971501,1066157,91.12
2021,Emilia-Romagna,50-69,1104306,1207124,91.48
2021,Emilia-Romagna,70+,778382,683208,113.93
2021,Friuli Venezia Giulia,00-29,164494,366822,44.84
2021,Friuli Venezia Giulia,30-49,234756,349761,67.12
2021,Friuli Venezia Giulia,50-69,289569,377467,76.71
2021,Friuli Venezia Giulia,70+,224863,222736,100.95
2021,Lazio,00-29,883602,1696927,52.07
2021,Lazio,30-49,1331228,1464927,90.87
2021,Lazio,50-69,1491050,1575449,94.64
2021,Lazio,70+,918858,1010442,90.94
2021,Liguria,00-29,205976,431465,47.74
2021,Liguria,30-49,291325,386138,75.45
2021,Liguria,50-69,397667,422713,94.07
2021,Liguria,70+,319980,248037,129.00
2021,Lombardia,00-29,1643380,2759019,59.56
2021,Lombardia,30-49,2291269,2551708,89.79
2021,Lombardia,50-69,2518195,2806730,89.72
2021,Lombardia,70+,1643640,1591595,103.27
2021,Marche,00-29,207859,444760,46.74
2021,Marche,30-49,301917,393860,76.66
2021,Marche,50-69,367220,407584,90.10
2021,Marche,70+,270181,252259,107.10
2021,Molise,00-29,44402,103256,43.00
2021,Molise,30-49,62600,92627,67.58
2021,Molise,50-69,80293,99544,80.66
2021,Molise,70+,53726,60987,88.09
2021,Piemonte,00-29,617406,1234870,50.00
2021,Piemonte,30-49,866716,1105671,78.39
2021,Piemonte,50-69,1069028,1127770,94.79
2021,Piemonte,70+,783542,689650,113.61
2021,Puglia,00-29,657355,1075925,61.10
2021,Puglia,30-49,870290,968394,89.87
2021,Puglia,50-69,1003471,1044469,96.07
2021,Puglia,70+,640984,665944,96.25
2021,Sardegna,00-29,222754,471364,47.26
2021,Sardegna,30-49,349852,400951,87.26
2021,Sardegna,50-69,438412,459376,95.44
2021,Sardegna,70+,272876,268126,101.77
2021,Sicilia,00-29,735911,1408025,52.27
2021,Sicilia,30-49,1007579,1225828,82.20
2021,Sicilia,50-69,1162410,1331620,87.29
2021,Sicilia,70+,699148,847445,82.50
2021,Toscana,00-29,544855,1020059,53.41
2021,Toscana,30-49,813428,935795,86.92
2021,Toscana,50-69,952503,992824,95.94
2021,Toscana,70+,696430,590000,118.04
2021,Trentino-Alto Adige,00-29,178308,358219,49.78
2021,Trentino-Alto Adige,30-49,223233,307810,72.52
2021,Trentino-Alto Adige,50-69,248655,338258,73.51
2021,Trentino-Alto Adige,70+,156170,203582,76.71
2021,Umbria,00-29,122398,311479,39.30
2021,Umbria,30-49,181416,269462,67.33
2021,Umbria,50-69,220678,308018,71.64
2021,Umbria,70+,169760,184675,91.92
2021,Valle d'Aosta,00-29,17558,66104,26.56
2021,Valle d'Aosta,30-49,23691,60288,39.30
2021,Valle d'Aosta,50-69,30884,65141,47.41
2021,Valle d'Aosta,70+,20804,39805,52.26
2021,Veneto,00-29,727094,1392846,52.20
2021,Veneto,30-49,992765,1308117,75.89
2021,Veneto,50-69,1198171,1424691,84.10
2021,Veneto,70+,797592,817530,97.56
2022,Abruzzo,00-29,28274,383683,7.37
2022,Abruzzo,30-49,5498,325953,1.69
2022,Abruzzo,50-69,7909,347202,2.28
2022,Abruzzo,70+,3903,227521,1.72
2022,Basilicata,00-29,15285,193437,7.90
2022,Basilicata,30-49,2222,169334,1.31
2022,Basilicata,50-69,2913,189223,1.54
2022,Basilicata,70+,1534,111771,1.37
2022,Calabria,00-29,61595,878457,7.01
2022,Calabria,30-49,15508,779093,1.99
2022,Calabria,50-69,18032,852873,2.11
2022,Calabria,70+,9314,501527,1.86
2022,Campania,00-29,154266,1660458,9.29
2022,Campania,30-49,40358,1471221,2.74
2022,Campania,50-69,42199,1608959,2.62
2022,Campania,70+,17442,1011122,1.73
2022,Emilia-Romagna,00-29,97139,1223282,7.94
2022,Emilia-Romagna,30-49,16464,1063777,1.55
2022,Emilia-Romagna,50-69,21139,1210232,1.75
2022,Emilia-Romagna,70+,9085,684864,1.33
2022,Friuli Venezia Giulia,00-29,21712,391253,5.55
2022,Friuli Venezia Giulia,30-49,4908,342632,1.43
2022,Friuli Venezia Giulia,50-69,9044,375105,2.41
2022,Friuli Venezia Giulia,70+,4838,230722,2.10
2022,Lazio,00-29,139532,1624727,8.59
2022,Lazio,30-49,30082,1450678,2.07
2022,Lazio,50-69,33921,1550570,2.19
2022,Lazio,70+,13756,965561,1.42
2022,Liguria,00-29,29057,417321,6.96
2022,Liguria,30-49,8695,386786,2.25
2022,Liguria,50-69,13539,395256,3.43
2022,Liguria,70+,7086,243798,2.91
2022,Lombardia,00-29,232040,2895551,8.01
2022,Lombardia,30-49,31492,2673070,1.18
2022,Lombardia,50-69,44265,2678936,1.65
2022,Lombardia,70+,22134,1600559,1.38
2022,Marche,00-29,23235,442704,5.25
2022,Marche,30-49,5540,378946,1.46
2022,Marche,50-69,9190,427161,2.15
2022,Marche,70+,3769,246811,1.53
2022,Molise,00-29,7747,102034,7.59
2022,Molise,30-49,972,92856,1.05
2022,Molise,50-69,1264,103471,1.22
2022,Molise,70+,809,57853,1.40
2022,Piemonte,00-29,86327,1192083,7.24
2022,Piemonte,30-49,18963,1089237,1.74
2022,Piemonte,50-69,30755,1180154,2.61
2022,Piemonte,70+,14678,721606,2.03
2022,Puglia,00-29,110297,1112880,9.91
2022,Puglia,30-49,18030,964049,1.87
2022,Puglia,50-69,20067,1110318,1.81
2022,Puglia,70+,9407,641566,1.47
2022,Sardegna,00-29,35230,476118,7.40
2022,Sardegna,30-49,6201,413868,1.50
2022,Sardegna,50-69,10515,452757,2.32
2022,Sardegna,70+,6307,277395,2.27
2022,Sicilia,00-29,124468,1475196,8.44
2022,Sicilia,30-49,41810,1215538,3.44
2022,Sicilia,50-69,50985,1421511,3.59
2022,Sicilia,70+,28476,808102,3.52
2022,Toscana,00-29,84017,1047251,8.02
2022,Toscana,30-49,13661,873077,1.56
2022,Toscana,50-69,18893,1006277,1.88
2022,Toscana,70+,8962,585976,1.53
2022,Trentino-Alto Adige,00-29,21226,363233,5.84
2022,Trentino-Alto Adige,30-49,4428,330492,1.34
2022,Trentino-Alto Adige,50-69,6039,335717,1.80
2022,Trentino-Alto Adige,70+,2779,203151,1.37
2022,Umbria,00-29,19240,312261,6.16
2022,Umbria,30-49,3217,264540,1.22
2022,Umbria,50-69,4542,286836,1.58
2022,Umbria,70+,1937,183051,1.06
2022,Valle d'Aosta,00-29,2099,67883,3.09
2022,Valle d'Aosta,30-49,459,60274,0.76
2022,Valle d'Aosta,50-69,838,66782,1.25
2022,Valle d'Aosta,70+,416,39008,1.07
2022,Veneto,00-29,88914,1417141,6.27
2022,Veneto,30-49,16820,1238874,1.36
2022,Veneto,50-69,26760,1377672,1.94
2022,Veneto,70+,9324,805830,1.16
2023,Abruzzo,00-29,134,368606,0.04
2023,Abruzzo,30-49,45,342065,0.01
2023,Abruzzo,50-69,8,346048,0.00
2023,Abruzzo,70+,10,211581,0.00
2023,Basilicata,00-29,38,186171,0.02
2023,Basilicata,30-49,2,168149,0.00
2023,Basilicata,50-69,1,175228,0.00
2023,Basilicata,70+,0,104469,0.00
2023,Calabria,00-29,45,897140,0.01
2023,Calabria,30-49,18,742090,0.00
2023,Calabria,50-69,16,846240,0.00
2023,Calabria,70+,12,517730,0.00
2023,Campania,00-29,126,1632248,0.01
2023,Campania,30-49,83,1397707,0.01
2023,Campania,50-69,23,1514840,0.00
2023,Campania,70+,22,978335,0.00
2023,Emilia-Romagna,00-29,712,1193078,0.06
2023,Emilia-Romagna,30-49,171,1122959,0.02
2023,Emilia-Romagna,50-69,47,1122360,0.00
2023,Emilia-Romagna,70+,92,716408,0.01
2023,Friuli Venezia Giulia,00-29,73,379335,0.02
2023,Friuli Venezia Giulia,30-49,57,337605,0.02
2023,Friuli Venezia Giulia,50-69,36,375071,0.01
2023,Friuli Venezia Giulia,70+,39,230199,0.02
2023,Lazio,00-29,279,1664619,0.02
2023,Lazio,30-49,146,1498180,0.01
2023,Lazio,50-69,93,1522327,0.01
2023,Lazio,70+,91,995704,0.01
2023,Liguria,00-29,167,416205,0.04
2023,Liguria,30-49,89,371167,0.02
2023,Liguria,50-69,79,428193,0.02
2023,Liguria,70+,121,246753,0.05
2023,Lombardia,00-29,886,2817765,0.03
2023,Lombardia,30-49,138,2473465,0.01
2023,Lombardia,50-69,92,2853119,0.00
2023,Lombardia,70+,357,1716461,0.02
2023,Marche,00-29,77,426535,0.02
2023,Marche,30-49,26,381157,0.01
2023,Marche,50-69,7,407830,0.00
2023,Marche,70+,21,260047,0.01
2023,Molise,00-29,10,102797,0.01
2023,Molise,30-49,2,90146,0.00
2023,Molise,50-69,0,103011,0.00
2023,Molise,70+,4,60421,0.01
2023,Piemonte,00-29,294,1171901,0.03
2023,Piemonte,30-49,85,1059669,0.01
2023,Piemonte,50-69,69,1172873,0.01
2023,Piemonte,70+,150,723639,0.02
2023,Puglia,00-29,264,1083898,0.02
2023,Puglia,30-49,112,1023588,0.01
2023,Puglia,50-69,40,1103126,0.00
2023,Puglia,70+,60,674419,0.01
2023,Sardegna,00-29,35,452887,0.01
2023,Sardegna,30-49,9,411664,0.00
2023,Sardegna,50-69,7,443442,0.00
2023,Sardegna,70+,12,283455,0.00
2023,Sicilia,00-29,220,1396465,0.02
2023,Sicilia,30-49,75,1320134,0.01
2023,Sicilia,50-69,26,1329640,0.00
2023,Sicilia,70+,30,790089,0.00
2023,Toscana,00-29,305,1010061,0.03
2023,Toscana,30-49,116,931242,0.01
2023,Toscana,50-69,97,931789,0.01
2023,Toscana,70+,119,599387,0.02
2023,Trentino-Alto Adige,00-29,82,354546,0.02
2023,Trentino-Alto Adige,30-49,31,327845,0.01
2023,Trentino-Alto Adige,50-69,16,329944,0.00
2023,Trentino-Alto Adige,70+,35,204235,0.02
2023,Umbria,00-29,17,307625,0.01
2023,Umbria,30-49,13,263114,0.00
2023,Umbria,50-69,13,294972,0.00
2023,Umbria,70+,14,173107,0.01
2023,Valle d'Aosta,00-29,4,68215,0.01
2023,Valle d'Aosta,30-49,3,63391,0.00
2023,Valle d'Aosta,50-69,4,68430,0.01
2023,Valle d'Aosta,70+,2,40673,0.00
2023,Veneto,00-29,345,1365587,0.03
2023,Veneto,30-49,106,1231441,0.01
2023,Veneto,50-69,69,1326649,0.01
2023,Veneto,70+,182,829872,0.02
